user_id,message_id,message
5db7e2cac08e,190705,Making coffee in the morning is the best way to start the day!
5db7e2cac08e,511770,Taking a walk in nature is so calming and peaceful
5db7e2cac08e,679510,Just finished my workout and feeling great!
5db7e2cac08e,347288,Watching the sunset with my family is one of my favorite things to do
5db7e2cac08e,944511,Enjoying a delicious home-cooked meal with my friends
5db7e2cac08e,476094,Working on a new project and feeling so inspired
5db7e2cac08e,254413,Just finished some spring cleaning and feeling so accomplished
5db7e2cac08e,597660,"Trying out a new recipe for dinner tonight, wish me luck!"
5db7e2cac08e,127402,Spent the day exploring a new city and it was amazing
5db7e2cac08e,90533,Taking some time to relax and watch a movie
98da683a117a,296969,Binge-watching a new show and loving every minute of it
98da683a117a,875333,Spent the afternoon at the beach and it was so calming
98da683a117a,730431,Taking a break to read a book and losing myself in the story
98da683a117a,104165,Just finished a painting and so proud of how it turned out
98da683a117a,906708,Enjoying some outdoor yoga in the sunshine
98da683a117a,537046,Listening to some of my favorite music while getting ready to go out
98da683a117a,106680,Reconnecting with old friends and catching up on life
98da683a117a,422214,Learned a new recipe and can’t wait to try it out
98da683a117a,602302,Taking a break to get some fresh air and soaking up the sunshine
98da683a117a,577264,Just finished a great workout and feeling so energized
4eaf418040e2,591861,Baking a delicious treat for my family and friends
4eaf418040e3,909579,Just finished some shopping and found some great deals
4eaf418040e4,250416,Going for a run and feeling so invigorated
4eaf418040e5,58069,Taking the time to enjoy a hot cup of tea
4eaf418040e6,772454,Trying out a new restaurant and the food was delicious
4eaf418040e7,196538,Taking some time to relax and watch the sunset
4eaf418040e8,526585,Playing board games with my family and having a blast
4eaf418040e9,246443,"Spending the day with my best friends, catching up on life"
4eaf418040e10,300606,Going for a long walk in the park and enjoying the fresh air
4eaf418040e11,430352,Teaching myself a new skill and feeling so proud of my progress
7bde33045e7b,878058,Working on a project and feeling so productive
7bde33045e7b,662813,Going out for lunch with my co-workers and having a great time
7bde33045e7b,999977,Enjoying a delicious homemade meal with my family
7bde33045e7b,61677,Taking some time to work on my hobbies and feeling so creative
7bde33045e7b,678170,Just finished a yoga session and feeling so relaxed
7bde33045e7b,552109,Going out for a bike ride and feeling so energized
7bde33045e7b,520489,Trying out a new recipe and it was a success!
7bde33045e7b,35297,"Spending the day in the garden, getting some much-needed sunshine"
7bde33045e7b,520271,Taking time to enjoy some quiet time at home
7bde33045e7b,594348,Appreciating the simple things in life and feeling so content
7c823d636b89,786536,Taking a break from the hustle and bustle of life and feeling so refreshed
7c823d636b90,13184,Watching a movie with my friends and having so much fun
7c823d636b91,287949,Trying out a new workout routine and feeling great
7c823d636b92,321489,Taking some time to enjoy the beauty of nature
7c823d636b93,753303,Just finished a painting project and feeling so proud
7c823d636b94,12284,Enjoying a delicious home-cooked meal with my family
7c823d636b95,877440,Going for a walk and appreciating the small things in life
7c823d636b96,406118,Taking a break to read a book and getting lost in the story
7c823d636b97,860276,Working on a project and feeling so motivated
7c823d636b98,753950,Taking some time to relax and watch a movie
42812d8a6633,667246,Trying out a new restaurant and the food was amazing
42812d8a6634,551954,Binge-watching a new show and loving every minute of it
42812d8a6635,104275,Going for a run and feeling so energized
42812d8a6636,999441,Taking some time to work on my hobbies and feeling so creative
42812d8a6637,381117,Just finished some spring cleaning and feeling so accomplished
42812d8a6638,593414,Playing board games with my family and having a blast
42812d8a6639,327278,"Spending the day with my best friends, catching up on life"
42812d8a6640,583916,Learning a new recipe and can’t wait to try it out
42812d8a6641,519042,Enjoying some outdoor yoga in the sunshine
42812d8a6642,684051,Listening to some of my favorite music while getting ready to go out
19d807a9d296,740681,Reconnecting with old friends and catching up on life
19d807a9d297,967891,Taking a break to get some fresh air and soaking up the sunshine
19d807a9d298,888017,Working on a new project and feeling so inspired
19d807a9d299,802637,Teaching myself a new skill and feeling so proud of my progress
19d807a9d300,14097,Taking a break from the hustle and bustle of life and feeling so refreshed
19d807a9d301,287559,Exploring a new city and it was amazing
19d807a9d302,354407,Going out for lunch with my co-workers and having a great time
19d807a9d303,390839,Taking a break to appreciate the beauty of nature
19d807a9d304,723043,Going out for a bike ride and feeling so energized
19d807a9d305,632756,Taking some time to enjoy a hot cup of tea
6f012e27f157,658721,Enjoying the simple things in life and feeling so content
6f012e27f158,557982,Baking a delicious treat for my family and friends
6f012e27f159,69903,Taking a walk in nature is so calming and peaceful
6f012e27f160,331920,Watching the sunset with my family is one of my favorite things to do
6f012e27f161,382846,Trying out a new workout routine and feeling great
6f012e27f162,619824,Making coffee in the morning is the best way to start the day! 77
6f012e27f163,469386,Just finished a yoga session and feeling so relaxed
6f012e27f164,107648,Taking some time to enjoy the beauty of nature
6f012e27f165,648110,Working on a project and feeling so productive
6f012e27f166,655660,Taking some time to relax and watch the sunset
a244471bfe47,553571,Going for a long walk in the park and enjoying the fresh air
a244471bfe48,572974,Teaching myself a new skill and feeling so proud of my progress
a244471bfe49,620989,"Trying out a new recipe for dinner tonight, wish me luck! 84"
a244471bfe50,718737,Spent the afternoon at the beach and it was so calming
a244471bfe51,79332,Appreciating the simple things in life and feeling so content
a244471bfe52,312974,Taking some time to relax and watch a movie
a244471bfe53,119663,Enjoying a delicious homemade meal with my family
a244471bfe54,524015,Going for a run and feeling so invigorated
a244471bfe55,661070,Just finished a painting and so proud of how it turned out
a244471bfe56,676878,Taking a break to read a book and getting lost in the story
981f6bf4c760,193263,Enjoying some outdoor yoga in the sunshine
981f6bf4c761,13173,Listening to some of my favorite music while getting ready to go out
981f6bf4c762,837429,Just finished my workout and feeling great! 94
981f6bf4c763,1782,Watching a movie with my friends and having so much fun
981f6bf4c764,613202,Binge-watching a new show and loving every minute of it
981f6bf4c765,919653,Reconnecting with old friends and catching up on life
981f6bf4c766,410268,Just finished some shopping and found some great deals
981f6bf4c767,411850,Taking a break to appreciate the beauty of nature
981f6bf4c768,762038,Working on a new project and feeling so inspired
981f6bf4c769,883480,Taking a break from the hustle and bustle of life and feeling so refreshed.